{"entities":{"pages":{"Microsserviços":{"id":"Microsserviços","title":"Microsserviços","url":"microsserviços.html","level":0,"pages":["Usuarios"],"tabIndex":0},"Usuarios":{"id":"Usuarios","title":"Usuários","url":"usuarios.html","level":1,"parentId":"Microsserviços","pages":["ListarUsuarios","CriarUsuario","atualizar-usuario"],"tabIndex":0},"ListarUsuarios":{"id":"ListarUsuarios","title":"Listar usuários","url":"listarusuarios.html","level":2,"parentId":"Usuarios","tabIndex":0},"CriarUsuario":{"id":"CriarUsuario","title":"Criar usuário","url":"criarusuario.html","level":2,"parentId":"Usuarios","tabIndex":1},"atualizar-usuario":{"id":"atualizar-usuario","title":"Atualizar usuário","url":"atualizar-usuario.html","level":2,"parentId":"Usuarios","tabIndex":2},"Domain":{"id":"Domain","title":"Domain","url":"domain.html","level":0,"tabIndex":1}}},"topLevelIds":["Microsserviços","Domain"]}